Date,Product ID,Inventory Level,Units Sold,Price
2022-01-01,P0001,1348,145,48.73
2022-01-02,P0001,1223,137,49.49
2022-01-03,P0001,1096,220,48.97
2022-01-04,P0001,883,234,48.91
2022-01-05,P0001,669,214,53.04
2022-01-06,P0001,483,182,48.84
2022-01-07,P0001,327,194,49.73
2022-01-08,P0001,160,133,45.68
2022-01-09,P0001,41,41,52.93
2022-01-10,P0001,19,19,50.18
2022-01-11,P0001,18,18,53.79
2022-01-12,P0001,17,17,51.85
2022-01-13,P0001,20,20,48.4
2022-01-14,P0001,27,27,47.84
2022-01-15,P0001,14,14,47.64
2022-01-16,P0001,17,17,52.14
2022-01-17,P0001,5,5,47.17
2022-01-18,P0001,28,28,50.3
2022-01-19,P0001,7,7,55.27
2022-01-20,P0001,29,29,46.79
2022-01-21,P0001,17,17,52.1
2022-01-22,P0001,24,24,46.43
2022-01-23,P0001,8,8,48.93
2022-01-24,P0001,24,24,51.74
2022-01-25,P0001,2,2,52.57
2022-01-26,P0001,9,9,49.34
2022-01-27,P0001,6,6,52.29
2022-01-28,P0001,0,0,49.14
2022-01-29,P0001,23,23,53.41
2022-01-30,P0001,21,21,51.97
2022-01-31,P0001,4,4,51.53
2022-02-01,P0001,13,13,48.12
2022-02-02,P0001,14,14,48.03
2022-02-03,P0001,18,18,49.36
2022-02-04,P0001,19,19,51.12
2022-02-05,P0001,4,4,46.97
2022-02-06,P0001,10,10,51.61
2022-02-07,P0001,27,27,50.62
2022-02-08,P0001,27,27,47.16
2022-02-09,P0001,29,29,50.31
2022-02-10,P0001,27,27,49.45
2022-02-11,P0001,0,0,47.03
2022-02-12,P0001,19,19,47.92
2022-02-13,P0001,5,5,50.65
2022-02-14,P0001,4,4,51.79
2022-02-15,P0001,23,23,50.77
2022-02-16,P0001,23,23,52.77
2022-02-17,P0001,16,16,48.32
2022-02-18,P0001,6,6,49.91
2022-02-19,P0001,16,16,50.65
2022-02-20,P0001,22,22,49.44
2022-02-21,P0001,18,18,53.91
2022-02-22,P0001,25,25,51.46
2022-02-23,P0001,26,26,48.72
2022-02-24,P0001,4,4,52.74
2022-02-25,P0001,10,10,51.05
2022-02-26,P0001,8,8,48.83
2022-02-27,P0001,28,28,51.68
2022-02-28,P0001,3,3,49.23
2022-03-01,P0001,18,18,49.42
2022-03-02,P0001,8,8,53.06
2022-03-03,P0001,17,17,51.81
2022-03-04,P0001,24,24,51.07
2022-03-05,P0001,27,27,50.2
2022-03-06,P0001,0,0,51.52
2022-03-07,P0001,8,8,47.83
2022-03-08,P0001,15,15,52.39
2022-03-09,P0001,10,10,53.54
2022-03-10,P0001,15,15,48.53
2022-03-11,P0001,28,28,47.77
2022-03-12,P0001,1,1,52.61
2022-03-13,P0001,8,8,49.91
2022-03-14,P0001,23,23,50.79
2022-03-15,P0001,16,16,46.19
2022-03-16,P0001,26,26,48.42
2022-03-17,P0001,13,13,50.08
2022-03-18,P0001,18,18,51.61
2022-03-19,P0001,1,1,47.27
2022-03-20,P0001,14,14,49.89
2022-03-21,P0001,28,28,49.9
2022-03-22,P0001,16,16,49.47
2022-03-23,P0001,5,5,51.44
2022-03-24,P0001,20,20,50.06
2022-03-25,P0001,19,19,46.93
2022-03-26,P0001,22,22,46.46
2022-03-27,P0001,17,17,50.14
2022-03-28,P0001,25,25,47.8
2022-03-29,P0001,22,22,47.67
2022-03-30,P0001,1,1,49.06
2022-03-31,P0001,8,8,52.72
2022-04-01,P0001,28,28,46.58
2022-04-02,P0001,17,17,57.67
2022-04-03,P0001,12,12,49.7
2022-04-04,P0001,18,18,46.96
2022-04-05,P0001,1,1,48.61
2022-04-06,P0001,18,18,46.23
2022-04-07,P0001,28,28,50.24
2022-04-08,P0001,16,16,49.29
2022-04-09,P0001,0,0,51.51
2022-04-10,P0001,11,11,50.39
2022-04-11,P0001,12,12,47.38
2022-04-12,P0001,2,2,51.62
2022-04-13,P0001,12,12,48.99
2022-04-14,P0001,18,18,49.73
2022-04-15,P0001,4,4,48.61
2022-04-16,P0001,0,0,49.32
2022-04-17,P0001,1,1,49.55
2022-04-18,P0001,24,24,51.8
2022-04-19,P0001,15,15,50.41
2022-04-20,P0001,4,4,53.65
2022-04-21,P0001,11,11,50.42
2022-04-22,P0001,21,21,51.51
2022-04-23,P0001,11,11,52.15
2022-04-24,P0001,29,29,47.36
2022-04-25,P0001,9,9,51.47
2022-04-26,P0001,23,23,50.88
2022-04-27,P0001,23,23,51.81
2022-04-28,P0001,19,19,52.52
2022-04-29,P0001,27,27,49.42
2022-04-30,P0001,10,10,51.14
2022-01-01,P0002,1042,99,70.87
2022-01-02,P0002,959,85,75.26
2022-01-03,P0002,883,160,71.41
2022-01-04,P0002,743,171,71.75
2022-01-05,P0002,595,146,73.38
2022-01-06,P0002,473,116,74.9
2022-01-07,P0002,380,120,69.68
2022-01-08,P0002,266,107,72.58
2022-01-09,P0002,163,104,69.9
2022-01-10,P0002,81,81,72.64
2022-01-11,P0002,16,16,78.63
2022-01-12,P0002,24,24,71.5
2022-01-13,P0002,16,16,74.09
2022-01-14,P0002,27,27,74.25
2022-01-15,P0002,20,20,70.51
2022-01-16,P0002,19,19,73.7
2022-01-17,P0002,22,22,72.62
2022-01-18,P0002,20,20,72.1
2022-01-19,P0002,25,25,71.83
2022-01-20,P0002,10,10,73.11
2022-01-21,P0002,16,16,72.53
2022-01-22,P0002,17,17,72.28
2022-01-23,P0002,7,7,69.31
2022-01-24,P0002,19,19,71.75
2022-01-25,P0002,12,12,74.84
2022-01-26,P0002,18,18,75.07
2022-01-27,P0002,26,26,69.78
2022-01-28,P0002,29,29,72.11
2022-01-29,P0002,27,27,73.06
2022-01-30,P0002,7,7,70.47
2022-01-31,P0002,0,0,73.64
2022-02-01,P0002,24,24,70.43
2022-02-02,P0002,23,23,74.41
2022-02-03,P0002,25,25,72.15
2022-02-04,P0002,4,4,69.99
2022-02-05,P0002,24,24,72.93
2022-02-06,P0002,13,13,75.17
2022-02-07,P0002,22,22,70.5
2022-02-08,P0002,7,7,70.04
2022-02-09,P0002,7,7,68.5
2022-02-10,P0002,27,27,70.58
2022-02-11,P0002,26,26,75.87
2022-02-12,P0002,0,0,69.13
2022-02-13,P0002,15,15,75.07
2022-02-14,P0002,1,1,72.5
2022-02-15,P0002,23,23,71.18
2022-02-16,P0002,14,14,69.93
2022-02-17,P0002,24,24,74.6
2022-02-18,P0002,2,2,71.15
2022-02-19,P0002,4,4,72.74
2022-02-20,P0002,4,4,74.83
2022-02-21,P0002,20,20,71.84
2022-02-22,P0002,18,18,70.78
2022-02-23,P0002,0,0,75.2
2022-02-24,P0002,27,27,71.58
2022-02-25,P0002,2,2,72.26
2022-02-26,P0002,21,21,74.8
2022-02-27,P0002,14,14,71.34
2022-02-28,P0002,13,13,73.49
2022-03-01,P0002,5,5,72.22
2022-03-02,P0002,17,17,75.01
2022-03-03,P0002,26,26,71.21
2022-03-04,P0002,24,24,72.27
2022-03-05,P0002,27,27,68.35
2022-03-06,P0002,16,16,73.71
2022-03-07,P0002,27,27,74.53
2022-03-08,P0002,29,29,73.46
2022-03-09,P0002,18,18,76.18
2022-03-10,P0002,15,15,73.1
2022-03-11,P0002,23,23,71.65
2022-03-12,P0002,26,26,73.13
2022-03-13,P0002,25,25,71.06
2022-03-14,P0002,17,17,71.0
2022-03-15,P0002,20,20,76.88
2022-03-16,P0002,11,11,69.72
2022-03-17,P0002,13,13,69.8
2022-03-18,P0002,25,25,74.53
2022-03-19,P0002,14,14,72.2
2022-03-20,P0002,15,15,71.68
2022-03-21,P0002,0,0,70.57
2022-03-22,P0002,19,19,69.66
2022-03-23,P0002,21,21,70.56
2022-03-24,P0002,13,13,71.62
2022-03-25,P0002,13,13,73.06
2022-03-26,P0002,10,10,72.28
2022-03-27,P0002,25,25,68.8
2022-03-28,P0002,24,24,73.27
2022-03-29,P0002,6,6,70.81
2022-03-30,P0002,25,25,72.53
2022-03-31,P0002,12,12,73.88
2022-04-01,P0002,2,2,76.47
2022-04-02,P0002,3,3,74.15
2022-04-03,P0002,7,7,76.09
2022-04-04,P0002,9,9,69.35
2022-04-05,P0002,25,25,73.31
2022-04-06,P0002,26,26,72.37
2022-04-07,P0002,0,0,67.56
2022-04-08,P0002,29,29,70.39
2022-04-09,P0002,23,23,73.49
2022-04-10,P0002,3,3,72.41
2022-04-11,P0002,14,14,73.63
2022-04-12,P0002,23,23,73.25
2022-04-13,P0002,1,1,75.36
2022-04-14,P0002,18,18,73.11
2022-04-15,P0002,25,25,68.51
2022-04-16,P0002,0,0,75.54
2022-04-17,P0002,0,0,73.72
2022-04-18,P0002,4,4,72.14
2022-04-19,P0002,12,12,72.21
2022-04-20,P0002,17,17,68.23
2022-04-21,P0002,9,9,73.64
2022-04-22,P0002,4,4,70.91
2022-04-23,P0002,2,2,71.71
2022-04-24,P0002,29,29,75.13
2022-04-25,P0002,20,20,72.3
2022-04-26,P0002,11,11,71.74
2022-04-27,P0002,21,21,73.51
2022-04-28,P0002,27,27,71.48
2022-04-29,P0002,4,4,69.54
2022-04-30,P0002,29,29,71.47
2022-01-01,P0003,1327,73,72.62
2022-01-02,P0003,1272,100,79.06
2022-01-03,P0003,1186,142,76.63
2022-01-04,P0003,1058,169,70.22
2022-01-05,P0003,896,136,71.58
2022-01-06,P0003,765,135,75.78
2022-01-07,P0003,637,125,75.67
2022-01-08,P0003,526,100,79.18
2022-01-09,P0003,432,102,76.66
2022-01-10,P0003,356,175,75.44
2022-01-11,P0003,207,156,75.16
2022-01-12,P0003,63,63,72.68
2022-01-13,P0003,28,28,80.59
2022-01-14,P0003,3,3,76.59
2022-01-15,P0003,18,18,78.39
2022-01-16,P0003,10,10,75.36
2022-01-17,P0003,29,29,76.31
2022-01-18,P0003,7,7,73.43
2022-01-19,P0003,10,10,72.39
2022-01-20,P0003,29,29,73.76
2022-01-21,P0003,7,7,75.82
2022-01-22,P0003,23,23,77.24
2022-01-23,P0003,8,8,73.62
2022-01-24,P0003,7,7,73.7
2022-01-25,P0003,25,25,75.69
2022-01-26,P0003,20,20,73.26
2022-01-27,P0003,9,9,71.33
2022-01-28,P0003,24,24,69.07
2022-01-29,P0003,26,26,74.12
2022-01-30,P0003,11,11,75.27
2022-01-31,P0003,24,24,74.53
2022-02-01,P0003,23,23,73.24
2022-02-02,P0003,10,10,75.67
2022-02-03,P0003,19,19,71.38
2022-02-04,P0003,21,21,74.76
2022-02-05,P0003,12,12,70.82
2022-02-06,P0003,23,23,74.95
2022-02-07,P0003,28,28,77.57
2022-02-08,P0003,15,15,74.85
2022-02-09,P0003,13,13,78.28
2022-02-10,P0003,21,21,72.16
2022-02-11,P0003,5,5,75.12
2022-02-12,P0003,7,7,73.08
2022-02-13,P0003,13,13,74.89
2022-02-14,P0003,22,22,73.09
2022-02-15,P0003,28,28,70.29
2022-02-16,P0003,2,2,72.38
2022-02-17,P0003,28,28,76.66
2022-02-18,P0003,4,4,72.53
2022-02-19,P0003,14,14,75.89
2022-02-20,P0003,23,23,75.53
2022-02-21,P0003,10,10,72.52
2022-02-22,P0003,22,22,78.17
2022-02-23,P0003,1,1,76.14
2022-02-24,P0003,10,10,71.82
2022-02-25,P0003,22,22,73.3
2022-02-26,P0003,8,8,73.55
2022-02-27,P0003,19,19,72.69
2022-02-28,P0003,26,26,74.94
2022-03-01,P0003,16,16,69.07
2022-03-02,P0003,8,8,75.98
2022-03-03,P0003,6,6,72.24
2022-03-04,P0003,13,13,75.34
2022-03-05,P0003,12,12,76.94
2022-03-06,P0003,5,5,75.74
2022-03-07,P0003,16,16,69.48
2022-03-08,P0003,11,11,76.61
2022-03-09,P0003,11,11,79.24
2022-03-10,P0003,9,9,76.25
2022-03-11,P0003,27,27,77.55
2022-03-12,P0003,1,1,73.19
2022-03-13,P0003,18,18,74.19
2022-03-14,P0003,28,28,73.04
2022-03-15,P0003,3,3,76.75
2022-03-16,P0003,2,2,75.75
2022-03-17,P0003,23,23,75.0
2022-03-18,P0003,0,0,71.2
2022-03-19,P0003,18,18,74.88
2022-03-20,P0003,29,29,79.24
2022-03-21,P0003,8,8,73.97
2022-03-22,P0003,24,24,77.84
2022-03-23,P0003,24,24,73.52
2022-03-24,P0003,4,4,73.45
2022-03-25,P0003,16,16,74.19
2022-03-26,P0003,29,29,76.02
2022-03-27,P0003,4,4,75.56
2022-03-28,P0003,24,24,76.11
2022-03-29,P0003,26,26,74.91
2022-03-30,P0003,13,13,73.47
2022-03-31,P0003,18,18,76.0
2022-04-01,P0003,29,29,73.31
2022-04-02,P0003,26,26,75.64
2022-04-03,P0003,27,27,74.54
2022-04-04,P0003,10,10,72.85
2022-04-05,P0003,11,11,75.28
2022-04-06,P0003,3,3,76.73
2022-04-07,P0003,17,17,76.1
2022-04-08,P0003,11,11,76.77
2022-04-09,P0003,2,2,73.53
2022-04-10,P0003,15,15,77.55
2022-04-11,P0003,6,6,74.98
2022-04-12,P0003,16,16,73.03
2022-04-13,P0003,29,29,76.13
2022-04-14,P0003,4,4,75.11
2022-04-15,P0003,16,16,74.09
2022-04-16,P0003,26,26,72.99
2022-04-17,P0003,23,23,76.5
2022-04-18,P0003,29,29,75.4
2022-04-19,P0003,19,19,73.32
2022-04-20,P0003,28,28,77.88
2022-04-21,P0003,12,12,74.43
2022-04-22,P0003,25,25,77.02
2022-04-23,P0003,4,4,75.78
2022-04-24,P0003,8,8,72.29
2022-04-25,P0003,17,17,74.63
2022-04-26,P0003,2,2,75.91
2022-04-27,P0003,23,23,72.88
2022-04-28,P0003,26,26,76.81
2022-04-29,P0003,4,4,76.59
2022-04-30,P0003,27,27,73.18
2022-01-01,P0004,1401,287,24.35
2022-01-02,P0004,1130,301,23.97
2022-01-03,P0004,831,515,21.64
2022-01-04,P0004,342,342,25.18
2022-01-05,P0004,23,23,26.12
2022-01-06,P0004,0,0,23.36
2022-01-07,P0004,12,12,25.61
2022-01-08,P0004,9,9,22.64
2022-01-09,P0004,27,27,24.19
2022-01-10,P0004,10,10,23.6
2022-01-11,P0004,17,17,24.7
2022-01-12,P0004,28,28,22.67
2022-01-13,P0004,12,12,23.99
2022-01-14,P0004,16,16,22.14
2022-01-15,P0004,23,23,24.28
2022-01-16,P0004,18,18,27.05
2022-01-17,P0004,1,1,21.02
2022-01-18,P0004,29,29,25.25
2022-01-19,P0004,19,19,24.29
2022-01-20,P0004,26,26,22.69
2022-01-21,P0004,16,16,25.83
2022-01-22,P0004,25,25,22.42
2022-01-23,P0004,19,19,23.77
2022-01-24,P0004,25,25,23.8
2022-01-25,P0004,2,2,23.54
2022-01-26,P0004,22,22,25.65
2022-01-27,P0004,1,1,25.36
2022-01-28,P0004,10,10,21.61
2022-01-29,P0004,20,20,22.77
2022-01-30,P0004,25,25,24.6
2022-01-31,P0004,28,28,23.32
2022-02-01,P0004,23,23,23.21
2022-02-02,P0004,15,15,24.21
2022-02-03,P0004,24,24,24.81
2022-02-04,P0004,14,14,18.94
2022-02-05,P0004,6,6,24.55
2022-02-06,P0004,20,20,21.22
2022-02-07,P0004,29,29,27.5
2022-02-08,P0004,5,5,22.97
2022-02-09,P0004,21,21,25.03
2022-02-10,P0004,23,23,23.82
2022-02-11,P0004,16,16,19.05
2022-02-12,P0004,5,5,21.71
2022-02-13,P0004,0,0,25.59
2022-02-14,P0004,8,8,21.58
2022-02-15,P0004,21,21,21.61
2022-02-16,P0004,7,7,23.98
2022-02-17,P0004,12,12,21.69
2022-02-18,P0004,5,5,25.18
2022-02-19,P0004,17,17,24.17
2022-02-20,P0004,28,28,24.62
2022-02-21,P0004,7,7,24.94
2022-02-22,P0004,19,19,22.83
2022-02-23,P0004,6,6,27.85
2022-02-24,P0004,5,5,26.53
2022-02-25,P0004,2,2,22.98
2022-02-26,P0004,11,11,22.93
2022-02-27,P0004,12,12,26.01
2022-02-28,P0004,13,13,22.84
2022-03-01,P0004,22,22,23.74
2022-03-02,P0004,11,11,24.77
2022-03-03,P0004,21,21,19.91
2022-03-04,P0004,26,26,25.03
2022-03-05,P0004,2,2,21.08
2022-03-06,P0004,14,14,20.56
2022-03-07,P0004,29,29,24.91
2022-03-08,P0004,23,23,22.1
2022-03-09,P0004,11,11,27.06
2022-03-10,P0004,17,17,25.99
2022-03-11,P0004,3,3,23.15
2022-03-12,P0004,3,3,22.75
2022-03-13,P0004,18,18,21.17
2022-03-14,P0004,2,2,26.66
2022-03-15,P0004,14,14,22.47
2022-03-16,P0004,3,3,23.32
2022-03-17,P0004,12,12,23.62
2022-03-18,P0004,28,28,18.2
2022-03-19,P0004,24,24,24.45
2022-03-20,P0004,16,16,23.73
2022-03-21,P0004,1,1,26.98
2022-03-22,P0004,3,3,24.85
2022-03-23,P0004,10,10,25.89
2022-03-24,P0004,15,15,24.41
2022-03-25,P0004,29,29,21.61
2022-03-26,P0004,7,7,25.6
2022-03-27,P0004,21,21,26.35
2022-03-28,P0004,4,4,25.84
2022-03-29,P0004,23,23,24.38
2022-03-30,P0004,11,11,23.99
2022-03-31,P0004,13,13,22.52
2022-04-01,P0004,19,19,22.94
2022-04-02,P0004,2,2,23.74
2022-04-03,P0004,4,4,22.11
2022-04-04,P0004,11,11,24.81
2022-04-05,P0004,24,24,24.91
2022-04-06,P0004,10,10,23.62
2022-04-07,P0004,19,19,24.91
2022-04-08,P0004,20,20,22.6
2022-04-09,P0004,5,5,24.33
2022-04-10,P0004,1,1,23.85
2022-04-11,P0004,17,17,24.52
2022-04-12,P0004,7,7,24.46
2022-04-13,P0004,24,24,26.27
2022-04-14,P0004,18,18,27.53
2022-04-15,P0004,29,29,23.4
2022-04-16,P0004,8,8,22.88
2022-04-17,P0004,10,10,25.83
2022-04-18,P0004,13,13,25.44
2022-04-19,P0004,1,1,25.17
2022-04-20,P0004,18,18,25.8
2022-04-21,P0004,29,29,23.93
2022-04-22,P0004,14,14,27.07
2022-04-23,P0004,14,14,27.01
2022-04-24,P0004,24,24,28.39
2022-04-25,P0004,2,2,25.92
2022-04-26,P0004,9,9,27.14
2022-04-27,P0004,20,20,26.15
2022-04-28,P0004,5,5,24.24
2022-04-29,P0004,3,3,25.03
2022-04-30,P0004,5,5,25.86
2022-01-01,P0005,1406,335,21.14
2022-01-02,P0005,1091,323,22.24
2022-01-03,P0005,778,547,20.5
2022-01-04,P0005,243,243,20.9
2022-01-05,P0005,28,28,26.15
2022-01-06,P0005,13,13,20.23
2022-01-07,P0005,2,2,21.79
2022-01-08,P0005,29,29,23.34
2022-01-09,P0005,3,3,24.09
2022-01-10,P0005,6,6,22.56
2022-01-11,P0005,12,12,19.67
2022-01-12,P0005,16,16,22.34
2022-01-13,P0005,3,3,21.16
2022-01-14,P0005,21,21,21.59
2022-01-15,P0005,9,9,25.96
2022-01-16,P0005,27,27,20.13
2022-01-17,P0005,9,9,19.3
2022-01-18,P0005,9,9,22.96
2022-01-19,P0005,25,25,19.34
2022-01-20,P0005,23,23,23.96
2022-01-21,P0005,9,9,22.82
2022-01-22,P0005,9,9,18.98
2022-01-23,P0005,14,14,20.74
2022-01-24,P0005,0,0,21.2
2022-01-25,P0005,15,15,19.98
2022-01-26,P0005,6,6,22.0
2022-01-27,P0005,13,13,21.79
2022-01-28,P0005,24,24,24.74
2022-01-29,P0005,21,21,20.63
2022-01-30,P0005,10,10,20.39
2022-01-31,P0005,9,9,21.96
2022-02-01,P0005,3,3,19.43
2022-02-02,P0005,26,26,18.36
2022-02-03,P0005,12,12,21.53
2022-02-04,P0005,4,4,20.26
2022-02-05,P0005,7,7,23.13
2022-02-06,P0005,21,21,18.38
2022-02-07,P0005,21,21,25.35
2022-02-08,P0005,1,1,20.2
2022-02-09,P0005,21,21,21.61
2022-02-10,P0005,12,12,22.85
2022-02-11,P0005,22,22,21.62
2022-02-12,P0005,24,24,20.46
2022-02-13,P0005,22,22,20.83
2022-02-14,P0005,4,4,22.99
2022-02-15,P0005,0,0,23.91
2022-02-16,P0005,5,5,20.09
2022-02-17,P0005,0,0,26.39
2022-02-18,P0005,19,19,19.68
2022-02-19,P0005,1,1,19.08
2022-02-20,P0005,24,24,22.48
2022-02-21,P0005,19,19,21.27
2022-02-22,P0005,17,17,21.52
2022-02-23,P0005,10,10,25.25
2022-02-24,P0005,19,19,21.26
2022-02-25,P0005,2,2,25.46
2022-02-26,P0005,13,13,22.66
2022-02-27,P0005,19,19,23.42
2022-02-28,P0005,2,2,19.66
2022-03-01,P0005,17,17,22.55
2022-03-02,P0005,9,9,21.86
2022-03-03,P0005,21,21,18.26
2022-03-04,P0005,0,0,22.58
2022-03-05,P0005,28,28,21.23
2022-03-06,P0005,5,5,19.48
2022-03-07,P0005,7,7,14.68
2022-03-08,P0005,14,14,22.52
2022-03-09,P0005,27,27,17.51
2022-03-10,P0005,17,17,20.54
2022-03-11,P0005,28,28,21.0
2022-03-12,P0005,22,22,24.44
2022-03-13,P0005,1,1,21.26
2022-03-14,P0005,23,23,17.98
2022-03-15,P0005,8,8,20.86
2022-03-16,P0005,15,15,24.5
2022-03-17,P0005,3,3,23.28
2022-03-18,P0005,19,19,22.31
2022-03-19,P0005,17,17,21.01
2022-03-20,P0005,6,6,26.86
2022-03-21,P0005,6,6,22.98
2022-03-22,P0005,29,29,20.68
2022-03-23,P0005,20,20,22.24
2022-03-24,P0005,6,6,23.53
2022-03-25,P0005,25,25,21.4
2022-03-26,P0005,27,27,25.9
2022-03-27,P0005,22,22,22.57
2022-03-28,P0005,17,17,20.57
2022-03-29,P0005,19,19,23.51
2022-03-30,P0005,9,9,23.54
2022-03-31,P0005,0,0,21.13
2022-04-01,P0005,27,27,22.48
2022-04-02,P0005,22,22,22.06
2022-04-03,P0005,7,7,20.95
2022-04-04,P0005,22,22,21.59
2022-04-05,P0005,11,11,21.73
2022-04-06,P0005,12,12,22.61
2022-04-07,P0005,2,2,24.06
2022-04-08,P0005,13,13,17.9
2022-04-09,P0005,4,4,22.9
2022-04-10,P0005,9,9,24.08
2022-04-11,P0005,1,1,19.7
2022-04-12,P0005,8,8,25.79
2022-04-13,P0005,29,29,22.83
2022-04-14,P0005,3,3,25.06
2022-04-15,P0005,15,15,23.61
2022-04-16,P0005,10,10,21.86
2022-04-17,P0005,7,7,17.56
2022-04-18,P0005,24,24,19.94
2022-04-19,P0005,19,19,20.91
2022-04-20,P0005,13,13,23.73
2022-04-21,P0005,6,6,19.83
2022-04-22,P0005,20,20,21.93
2022-04-23,P0005,10,10,19.86
2022-04-24,P0005,24,24,21.29
2022-04-25,P0005,14,14,21.38
2022-04-26,P0005,11,11,24.86
2022-04-27,P0005,28,28,24.33
2022-04-28,P0005,21,21,22.71
2022-04-29,P0005,6,6,21.87
2022-04-30,P0005,4,4,19.01
2022-01-01,P0006,1363,80,83.24
2022-01-02,P0006,1292,69,87.1
2022-01-03,P0006,1243,148,87.83
2022-01-04,P0006,1121,131,87.91
2022-01-05,P0006,998,116,84.97
2022-01-06,P0006,907,120,85.58
2022-01-07,P0006,800,103,82.73
2022-01-08,P0006,715,81,87.38
2022-01-09,P0006,652,99,84.14
2022-01-10,P0006,576,136,84.22
2022-01-11,P0006,445,158,83.44
2022-01-12,P0006,307,113,82.58
2022-01-13,P0006,210,112,90.06
2022-01-14,P0006,111,111,85.55
2022-01-15,P0006,25,25,88.71
2022-01-16,P0006,29,29,84.26
2022-01-17,P0006,18,18,83.84
2022-01-18,P0006,16,16,85.71
2022-01-19,P0006,23,23,83.64
2022-01-20,P0006,5,5,83.95
2022-01-21,P0006,18,18,84.55
2022-01-22,P0006,22,22,86.5
2022-01-23,P0006,19,19,86.7
2022-01-24,P0006,21,21,88.65
2022-01-25,P0006,3,3,84.91
2022-01-26,P0006,14,14,84.33
2022-01-27,P0006,10,10,82.19
2022-01-28,P0006,9,9,81.4
2022-01-29,P0006,12,12,86.0
2022-01-30,P0006,4,4,85.74
2022-01-31,P0006,16,16,84.73
2022-02-01,P0006,3,3,88.48
2022-02-02,P0006,0,0,82.94
2022-02-03,P0006,19,19,85.18
2022-02-04,P0006,29,29,83.55
2022-02-05,P0006,9,9,83.33
2022-02-06,P0006,9,9,86.37
2022-02-07,P0006,8,8,84.91
2022-02-08,P0006,19,19,89.01
2022-02-09,P0006,20,20,86.71
2022-02-10,P0006,6,6,84.47
2022-02-11,P0006,23,23,85.22
2022-02-12,P0006,15,15,83.88
2022-02-13,P0006,24,24,84.93
2022-02-14,P0006,4,4,86.07
2022-02-15,P0006,23,23,82.79
2022-02-16,P0006,20,20,87.27
2022-02-17,P0006,8,8,84.61
2022-02-18,P0006,21,21,90.27
2022-02-19,P0006,28,28,82.15
2022-02-20,P0006,10,10,84.21
2022-02-21,P0006,16,16,86.04
2022-02-22,P0006,1,1,84.82
2022-02-23,P0006,1,1,86.24
2022-02-24,P0006,9,9,82.92
2022-02-25,P0006,28,28,86.95
2022-02-26,P0006,14,14,85.05
2022-02-27,P0006,9,9,84.87
2022-02-28,P0006,20,20,83.03
2022-03-01,P0006,13,13,83.27
2022-03-02,P0006,19,19,85.96
2022-03-03,P0006,8,8,85.7
2022-03-04,P0006,16,16,84.78
2022-03-05,P0006,0,0,84.01
2022-03-06,P0006,6,6,85.95
2022-03-07,P0006,17,17,83.19
2022-03-08,P0006,10,10,82.06
2022-03-09,P0006,23,23,83.53
2022-03-10,P0006,4,4,86.01
2022-03-11,P0006,14,14,87.07
2022-03-12,P0006,5,5,87.0
2022-03-13,P0006,2,2,84.4
2022-03-14,P0006,10,10,83.91
2022-03-15,P0006,4,4,86.08
2022-03-16,P0006,4,4,82.8
2022-03-17,P0006,21,21,87.22
2022-03-18,P0006,0,0,84.85
2022-03-19,P0006,20,20,87.29
2022-03-20,P0006,27,27,86.91
2022-03-21,P0006,22,22,83.4
2022-03-22,P0006,2,2,85.39
2022-03-23,P0006,1,1,82.43
2022-03-24,P0006,2,2,84.35
2022-03-25,P0006,19,19,86.4
2022-03-26,P0006,8,8,80.46
2022-03-27,P0006,2,2,87.02
2022-03-28,P0006,15,15,86.03
2022-03-29,P0006,29,29,88.22
2022-03-30,P0006,1,1,80.88
2022-03-31,P0006,25,25,88.97
2022-04-01,P0006,21,21,86.18
2022-04-02,P0006,29,29,85.21
2022-04-03,P0006,19,19,85.53
2022-04-04,P0006,2,2,85.34
2022-04-05,P0006,6,6,82.93
2022-04-06,P0006,0,0,86.5
2022-04-07,P0006,2,2,88.82
2022-04-08,P0006,5,5,84.56
2022-04-09,P0006,24,24,82.31
2022-04-10,P0006,13,13,85.54
2022-04-11,P0006,8,8,87.16
2022-04-12,P0006,17,17,85.63
2022-04-13,P0006,26,26,85.24
2022-04-14,P0006,23,23,83.78
2022-04-15,P0006,20,20,86.63
2022-04-16,P0006,29,29,87.76
2022-04-17,P0006,16,16,85.78
2022-04-18,P0006,15,15,86.71
2022-04-19,P0006,27,27,87.11
2022-04-20,P0006,22,22,86.0
2022-04-21,P0006,19,19,83.65
2022-04-22,P0006,28,28,84.5
2022-04-23,P0006,8,8,84.33
2022-04-24,P0006,24,24,83.17
2022-04-25,P0006,8,8,86.74
2022-04-26,P0006,13,13,89.45
2022-04-27,P0006,29,29,87.26
2022-04-28,P0006,4,4,83.51
2022-04-29,P0006,11,11,86.22
2022-04-30,P0006,16,16,84.72
2022-01-01,P0007,1092,90,90.86
2022-01-02,P0007,1020,77,88.2
2022-01-03,P0007,970,138,90.05
2022-01-04,P0007,834,135,91.69
2022-01-05,P0007,700,112,91.36
2022-01-06,P0007,595,103,91.79
2022-01-07,P0007,516,117,91.81
2022-01-08,P0007,417,74,87.26
2022-01-09,P0007,350,51,88.5
2022-01-10,P0007,318,132,88.48
2022-01-11,P0007,191,134,91.98
2022-01-12,P0007,57,57,90.24
2022-01-13,P0007,16,16,88.71
2022-01-14,P0007,21,21,92.74
2022-01-15,P0007,4,4,90.25
2022-01-16,P0007,20,20,87.08
2022-01-17,P0007,8,8,90.22
2022-01-18,P0007,13,13,89.15
2022-01-19,P0007,18,18,91.04
2022-01-20,P0007,20,20,89.07
2022-01-21,P0007,0,0,91.69
2022-01-22,P0007,12,12,92.55
2022-01-23,P0007,3,3,86.98
2022-01-24,P0007,17,17,89.76
2022-01-25,P0007,7,7,91.55
2022-01-26,P0007,25,25,89.78
2022-01-27,P0007,1,1,93.71
2022-01-28,P0007,1,1,93.23
2022-01-29,P0007,13,13,91.87
2022-01-30,P0007,24,24,90.77
2022-01-31,P0007,5,5,89.91
2022-02-01,P0007,7,7,93.24
2022-02-02,P0007,11,11,87.64
2022-02-03,P0007,12,12,91.01
2022-02-04,P0007,29,29,92.87
2022-02-05,P0007,22,22,90.73
2022-02-06,P0007,3,3,93.24
2022-02-07,P0007,20,20,93.5
2022-02-08,P0007,11,11,92.38
2022-02-09,P0007,27,27,92.31
2022-02-10,P0007,22,22,87.9
2022-02-11,P0007,25,25,91.25
2022-02-12,P0007,27,27,94.36
2022-02-13,P0007,23,23,89.34
2022-02-14,P0007,4,4,92.96
2022-02-15,P0007,19,19,87.17
2022-02-16,P0007,17,17,93.83
2022-02-17,P0007,26,26,89.79
2022-02-18,P0007,5,5,93.79
2022-02-19,P0007,15,15,90.48
2022-02-20,P0007,12,12,92.24
2022-02-21,P0007,12,12,91.18
2022-02-22,P0007,21,21,92.87
2022-02-23,P0007,18,18,90.69
2022-02-24,P0007,4,4,93.54
2022-02-25,P0007,27,27,90.73
2022-02-26,P0007,3,3,91.71
2022-02-27,P0007,28,28,88.43
2022-02-28,P0007,15,15,87.79
2022-03-01,P0007,12,12,92.4
2022-03-02,P0007,18,18,90.47
2022-03-03,P0007,12,12,89.67
2022-03-04,P0007,11,11,93.92
2022-03-05,P0007,0,0,91.88
2022-03-06,P0007,2,2,90.68
2022-03-07,P0007,3,3,93.2
2022-03-08,P0007,24,24,94.28
2022-03-09,P0007,6,6,91.19
2022-03-10,P0007,16,16,91.94
2022-03-11,P0007,26,26,92.34
2022-03-12,P0007,12,12,91.3
2022-03-13,P0007,21,21,91.96
2022-03-14,P0007,16,16,95.34
2022-03-15,P0007,25,25,91.34
2022-03-16,P0007,11,11,94.68
2022-03-17,P0007,22,22,89.71
2022-03-18,P0007,0,0,95.27
2022-03-19,P0007,26,26,97.68
2022-03-20,P0007,17,17,92.01
2022-03-21,P0007,26,26,90.73
2022-03-22,P0007,14,14,91.58
2022-03-23,P0007,15,15,89.81
2022-03-24,P0007,5,5,92.98
2022-03-25,P0007,21,21,93.3
2022-03-26,P0007,21,21,92.32
2022-03-27,P0007,20,20,90.34
2022-03-28,P0007,23,23,94.85
2022-03-29,P0007,29,29,92.43
2022-03-30,P0007,6,6,88.52
2022-03-31,P0007,14,14,90.21
2022-04-01,P0007,4,4,92.37
2022-04-02,P0007,0,0,93.54
2022-04-03,P0007,7,7,90.01
2022-04-04,P0007,13,13,88.13
2022-04-05,P0007,5,5,87.69
2022-04-06,P0007,13,13,91.83
2022-04-07,P0007,7,7,88.16
2022-04-08,P0007,1,1,89.98
2022-04-09,P0007,14,14,90.72
2022-04-10,P0007,2,2,91.01
2022-04-11,P0007,28,28,91.96
2022-04-12,P0007,16,16,91.45
2022-04-13,P0007,20,20,88.63
2022-04-14,P0007,24,24,91.77
2022-04-15,P0007,9,9,93.98
2022-04-16,P0007,19,19,92.96
2022-04-17,P0007,27,27,89.33
2022-04-18,P0007,14,14,96.92
2022-04-19,P0007,12,12,92.25
2022-04-20,P0007,11,11,91.34
2022-04-21,P0007,17,17,93.02
2022-04-22,P0007,8,8,93.64
2022-04-23,P0007,16,16,91.43
2022-04-24,P0007,21,21,91.71
2022-04-25,P0007,17,17,90.54
2022-04-26,P0007,11,11,93.65
2022-04-27,P0007,10,10,91.7
2022-04-28,P0007,8,8,93.15
2022-04-29,P0007,3,3,89.02
2022-04-30,P0007,23,23,95.36
2022-01-01,P0008,1216,79,92.78
2022-01-02,P0008,1149,68,92.75
2022-01-03,P0008,1091,127,94.8
2022-01-04,P0008,993,125,90.93
2022-01-05,P0008,886,101,94.69
2022-01-06,P0008,789,81,94.35
2022-01-07,P0008,716,95,94.29
2022-01-08,P0008,634,71,95.06
2022-01-09,P0008,567,77,95.01
2022-01-10,P0008,505,136,93.76
2022-01-11,P0008,390,124,95.14
2022-01-12,P0008,278,112,94.08
2022-01-13,P0008,169,97,96.66
2022-01-14,P0008,83,83,93.73
2022-01-15,P0008,21,21,94.11
2022-01-16,P0008,27,27,93.79
2022-01-17,P0008,16,16,92.41
2022-01-18,P0008,11,11,93.14
2022-01-19,P0008,12,12,92.14
2022-01-20,P0008,21,21,94.57
2022-01-21,P0008,2,2,94.03
2022-01-22,P0008,16,16,95.3
2022-01-23,P0008,28,28,94.33
2022-01-24,P0008,27,27,93.31
2022-01-25,P0008,22,22,95.85
2022-01-26,P0008,7,7,94.68
2022-01-27,P0008,14,14,94.79
2022-01-28,P0008,5,5,92.96
2022-01-29,P0008,24,24,97.51
2022-01-30,P0008,19,19,98.25
2022-01-31,P0008,15,15,91.71
2022-02-01,P0008,6,6,95.95
2022-02-02,P0008,10,10,96.72
2022-02-03,P0008,23,23,92.54
2022-02-04,P0008,3,3,95.54
2022-02-05,P0008,28,28,91.12
2022-02-06,P0008,14,14,93.52
2022-02-07,P0008,3,3,94.51
2022-02-08,P0008,27,27,95.67
2022-02-09,P0008,25,25,93.77
2022-02-10,P0008,25,25,96.14
2022-02-11,P0008,18,18,93.67
2022-02-12,P0008,7,7,95.45
2022-02-13,P0008,14,14,95.34
2022-02-14,P0008,27,27,94.53
2022-02-15,P0008,13,13,94.1
2022-02-16,P0008,17,17,92.84
2022-02-17,P0008,28,28,94.78
2022-02-18,P0008,29,29,90.62
2022-02-19,P0008,12,12,91.3
2022-02-20,P0008,5,5,93.88
2022-02-21,P0008,10,10,95.22
2022-02-22,P0008,10,10,95.15
2022-02-23,P0008,27,27,95.03
2022-02-24,P0008,3,3,95.33
2022-02-25,P0008,24,24,97.04
2022-02-26,P0008,16,16,95.55
2022-02-27,P0008,1,1,95.21
2022-02-28,P0008,9,9,94.03
2022-03-01,P0008,14,14,91.32
2022-03-02,P0008,16,16,92.0
2022-03-03,P0008,21,21,96.52
2022-03-04,P0008,4,4,95.62
2022-03-05,P0008,27,27,91.76
2022-03-06,P0008,15,15,92.66
2022-03-07,P0008,24,24,93.97
2022-03-08,P0008,12,12,93.11
2022-03-09,P0008,23,23,91.48
2022-03-10,P0008,6,6,91.2
2022-03-11,P0008,20,20,93.56
2022-03-12,P0008,16,16,95.99
2022-03-13,P0008,19,19,97.63
2022-03-14,P0008,0,0,93.21
2022-03-15,P0008,12,12,95.73
2022-03-16,P0008,4,4,95.78
2022-03-17,P0008,28,28,93.36
2022-03-18,P0008,23,23,99.68
2022-03-19,P0008,25,25,94.76
2022-03-20,P0008,6,6,96.25
2022-03-21,P0008,3,3,94.84
2022-03-22,P0008,7,7,92.36
2022-03-23,P0008,6,6,93.78
2022-03-24,P0008,26,26,94.81
2022-03-25,P0008,23,23,95.9
2022-03-26,P0008,23,23,95.26
2022-03-27,P0008,24,24,94.31
2022-03-28,P0008,19,19,94.25
2022-03-29,P0008,29,29,99.28
2022-03-30,P0008,28,28,89.29
2022-03-31,P0008,4,4,95.7
2022-04-01,P0008,6,6,92.24
2022-04-02,P0008,2,2,92.48
2022-04-03,P0008,18,18,96.05
2022-04-04,P0008,4,4,97.2
2022-04-05,P0008,29,29,92.45
2022-04-06,P0008,26,26,93.66
2022-04-07,P0008,15,15,90.97
2022-04-08,P0008,16,16,90.81
2022-04-09,P0008,9,9,95.46
2022-04-10,P0008,29,29,94.62
2022-04-11,P0008,9,9,93.82
2022-04-12,P0008,15,15,92.41
2022-04-13,P0008,20,20,95.03
2022-04-14,P0008,24,24,94.05
2022-04-15,P0008,14,14,98.0
2022-04-16,P0008,0,0,96.29
2022-04-17,P0008,1,1,95.49
2022-04-18,P0008,12,12,92.18
2022-04-19,P0008,20,20,95.97
2022-04-20,P0008,11,11,98.16
2022-04-21,P0008,0,0,90.48
2022-04-22,P0008,3,3,96.11
2022-04-23,P0008,17,17,93.76
2022-04-24,P0008,0,0,95.32
2022-04-25,P0008,3,3,100.26
2022-04-26,P0008,5,5,94.51
2022-04-27,P0008,18,18,93.1
2022-04-28,P0008,15,15,94.95
2022-04-29,P0008,29,29,96.6
2022-04-30,P0008,26,26,94.87
2022-01-01,P0009,1001,103,71.62
2022-01-02,P0009,902,97,69.06
2022-01-03,P0009,827,183,70.52
2022-01-04,P0009,662,157,71.36
2022-01-05,P0009,512,143,68.72
2022-01-06,P0009,398,130,69.13
2022-01-07,P0009,279,127,72.23
2022-01-08,P0009,176,102,71.9
2022-01-09,P0009,97,92,71.86
2022-01-10,P0009,20,20,67.68
2022-01-11,P0009,26,26,68.9
2022-01-12,P0009,3,3,70.68
2022-01-13,P0009,22,22,69.01
2022-01-14,P0009,23,23,69.47
2022-01-15,P0009,9,9,68.15
2022-01-16,P0009,4,4,67.42
2022-01-17,P0009,16,16,66.68
2022-01-18,P0009,26,26,74.91
2022-01-19,P0009,2,2,67.99
2022-01-20,P0009,9,9,70.87
2022-01-21,P0009,22,22,70.37
2022-01-22,P0009,21,21,73.74
2022-01-23,P0009,2,2,71.66
2022-01-24,P0009,1,1,72.91
2022-01-25,P0009,26,26,72.03
2022-01-26,P0009,15,15,75.05
2022-01-27,P0009,26,26,70.54
2022-01-28,P0009,0,0,67.99
2022-01-29,P0009,20,20,70.55
2022-01-30,P0009,21,21,72.86
2022-01-31,P0009,12,12,69.91
2022-02-01,P0009,3,3,71.45
2022-02-02,P0009,18,18,70.99
2022-02-03,P0009,12,12,71.4
2022-02-04,P0009,5,5,69.65
2022-02-05,P0009,2,2,70.6
2022-02-06,P0009,3,3,69.02
2022-02-07,P0009,25,25,71.08
2022-02-08,P0009,17,17,70.53
2022-02-09,P0009,16,16,66.25
2022-02-10,P0009,29,29,71.99
2022-02-11,P0009,17,17,67.74
2022-02-12,P0009,17,17,70.94
2022-02-13,P0009,26,26,68.61
2022-02-14,P0009,2,2,71.36
2022-02-15,P0009,23,23,72.94
2022-02-16,P0009,28,28,74.73
2022-02-17,P0009,16,16,72.73
2022-02-18,P0009,25,25,67.97
2022-02-19,P0009,25,25,69.89
2022-02-20,P0009,10,10,71.72
2022-02-21,P0009,10,10,70.85
2022-02-22,P0009,21,21,70.01
2022-02-23,P0009,21,21,67.99
2022-02-24,P0009,5,5,71.63
2022-02-25,P0009,5,5,67.99
2022-02-26,P0009,16,16,67.92
2022-02-27,P0009,6,6,71.09
2022-02-28,P0009,18,18,68.78
2022-03-01,P0009,3,3,71.56
2022-03-02,P0009,9,9,71.07
2022-03-03,P0009,25,25,71.09
2022-03-04,P0009,22,22,68.87
2022-03-05,P0009,4,4,67.27
2022-03-06,P0009,9,9,68.47
2022-03-07,P0009,16,16,68.3
2022-03-08,P0009,18,18,72.07
2022-03-09,P0009,8,8,71.69
2022-03-10,P0009,16,16,65.85
2022-03-11,P0009,29,29,67.74
2022-03-12,P0009,28,28,67.87
2022-03-13,P0009,13,13,65.18
2022-03-14,P0009,12,12,71.84
2022-03-15,P0009,17,17,66.32
2022-03-16,P0009,29,29,70.85
2022-03-17,P0009,9,9,73.67
2022-03-18,P0009,1,1,70.87
2022-03-19,P0009,13,13,68.68
2022-03-20,P0009,18,18,68.42
2022-03-21,P0009,23,23,74.18
2022-03-22,P0009,14,14,70.73
2022-03-23,P0009,2,2,72.11
2022-03-24,P0009,0,0,67.88
2022-03-25,P0009,12,12,71.85
2022-03-26,P0009,15,15,70.6
2022-03-27,P0009,20,20,68.42
2022-03-28,P0009,23,23,71.3
2022-03-29,P0009,4,4,72.22
2022-03-30,P0009,25,25,70.52
2022-03-31,P0009,16,16,70.64
2022-04-01,P0009,26,26,67.78
2022-04-02,P0009,20,20,68.12
2022-04-03,P0009,15,15,70.26
2022-04-04,P0009,24,24,70.67
2022-04-05,P0009,11,11,68.75
2022-04-06,P0009,13,13,70.09
2022-04-07,P0009,8,8,72.05
2022-04-08,P0009,20,20,67.85
2022-04-09,P0009,17,17,70.12
2022-04-10,P0009,7,7,71.88
2022-04-11,P0009,24,24,70.93
2022-04-12,P0009,19,19,70.42
2022-04-13,P0009,1,1,70.02
2022-04-14,P0009,19,19,68.62
2022-04-15,P0009,21,21,72.98
2022-04-16,P0009,22,22,65.59
2022-04-17,P0009,19,19,69.21
2022-04-18,P0009,26,26,69.19
2022-04-19,P0009,16,16,67.22
2022-04-20,P0009,1,1,73.03
2022-04-21,P0009,24,24,73.64
2022-04-22,P0009,25,25,71.58
2022-04-23,P0009,6,6,71.55
2022-04-24,P0009,2,2,73.05
2022-04-25,P0009,28,28,67.8
2022-04-26,P0009,27,27,69.3
2022-04-27,P0009,15,15,72.88
2022-04-28,P0009,25,25,71.88
2022-04-29,P0009,21,21,72.12
2022-04-30,P0009,28,28,71.87
2022-01-01,P0010,1312,96,65.71
2022-01-02,P0010,1245,108,68.39
2022-01-03,P0010,1147,169,70.12
2022-01-04,P0010,1003,184,66.96
2022-01-05,P0010,835,158,64.88
2022-01-06,P0010,691,162,68.53
2022-01-07,P0010,557,137,65.29
2022-01-08,P0010,447,86,66.49
2022-01-09,P0010,387,89,68.32
2022-01-10,P0010,304,185,68.14
2022-01-11,P0010,141,141,68.71
2022-01-12,P0010,0,0,66.95
2022-01-13,P0010,21,21,63.95
2022-01-14,P0010,23,23,68.02
2022-01-15,P0010,24,24,66.5
2022-01-16,P0010,7,7,67.63
2022-01-17,P0010,7,7,64.01
2022-01-18,P0010,5,5,65.46
2022-01-19,P0010,28,28,66.59
2022-01-20,P0010,19,19,67.01
2022-01-21,P0010,27,27,68.46
2022-01-22,P0010,5,5,69.31
2022-01-23,P0010,22,22,69.26
2022-01-24,P0010,2,2,68.4
2022-01-25,P0010,28,28,70.59
2022-01-26,P0010,28,28,68.68
2022-01-27,P0010,1,1,70.14
2022-01-28,P0010,19,19,67.48
2022-01-29,P0010,10,10,68.2
2022-01-30,P0010,4,4,71.52
2022-01-31,P0010,20,20,68.85
2022-02-01,P0010,24,24,67.09
2022-02-02,P0010,28,28,69.42
2022-02-03,P0010,17,17,67.39
2022-02-04,P0010,26,26,69.76
2022-02-05,P0010,9,9,67.79
2022-02-06,P0010,6,6,67.83
2022-02-07,P0010,11,11,66.01
2022-02-08,P0010,16,16,67.76
2022-02-09,P0010,19,19,64.54
2022-02-10,P0010,7,7,73.2
2022-02-11,P0010,29,29,69.02
2022-02-12,P0010,16,16,66.67
2022-02-13,P0010,25,25,67.58
2022-02-14,P0010,10,10,66.78
2022-02-15,P0010,19,19,68.33
2022-02-16,P0010,12,12,66.07
2022-02-17,P0010,8,8,68.72
2022-02-18,P0010,22,22,67.39
2022-02-19,P0010,20,20,66.11
2022-02-20,P0010,6,6,64.58
2022-02-21,P0010,16,16,65.59
2022-02-22,P0010,17,17,66.48
2022-02-23,P0010,26,26,66.62
2022-02-24,P0010,9,9,65.54
2022-02-25,P0010,19,19,68.04
2022-02-26,P0010,23,23,66.11
2022-02-27,P0010,7,7,69.26
2022-02-28,P0010,3,3,67.44
2022-03-01,P0010,4,4,70.08
2022-03-02,P0010,29,29,64.95
2022-03-03,P0010,7,7,64.83
2022-03-04,P0010,11,11,63.53
2022-03-05,P0010,16,16,67.0
2022-03-06,P0010,9,9,62.44
2022-03-07,P0010,12,12,63.0
2022-03-08,P0010,11,11,67.82
2022-03-09,P0010,14,14,67.8
2022-03-10,P0010,7,7,66.08
2022-03-11,P0010,17,17,66.29
2022-03-12,P0010,11,11,66.96
2022-03-13,P0010,6,6,66.56
2022-03-14,P0010,15,15,63.15
2022-03-15,P0010,24,24,67.14
2022-03-16,P0010,12,12,70.33
2022-03-17,P0010,25,25,69.09
2022-03-18,P0010,27,27,68.81
2022-03-19,P0010,26,26,64.89
2022-03-20,P0010,27,27,66.64
2022-03-21,P0010,2,2,66.22
2022-03-22,P0010,21,21,70.83
2022-03-23,P0010,22,22,67.52
2022-03-24,P0010,13,13,68.56
2022-03-25,P0010,26,26,68.02
2022-03-26,P0010,29,29,63.74
2022-03-27,P0010,19,19,65.31
2022-03-28,P0010,12,12,70.4
2022-03-29,P0010,16,16,68.46
2022-03-30,P0010,21,21,63.75
2022-03-31,P0010,12,12,65.26
2022-04-01,P0010,17,17,67.44
2022-04-02,P0010,14,14,68.86
2022-04-03,P0010,16,16,69.08
2022-04-04,P0010,22,22,66.08
2022-04-05,P0010,16,16,67.42
2022-04-06,P0010,17,17,66.35
2022-04-07,P0010,12,12,68.58
2022-04-08,P0010,15,15,62.82
2022-04-09,P0010,19,19,71.13
2022-04-10,P0010,11,11,67.08
2022-04-11,P0010,19,19,66.17
2022-04-12,P0010,8,8,67.65
2022-04-13,P0010,2,2,68.47
2022-04-14,P0010,14,14,66.7
2022-04-15,P0010,24,24,68.58
2022-04-16,P0010,29,29,70.19
2022-04-17,P0010,9,9,65.85
2022-04-18,P0010,10,10,68.29
2022-04-19,P0010,25,25,70.78
2022-04-20,P0010,22,22,68.35
2022-04-21,P0010,5,5,67.36
2022-04-22,P0010,2,2,65.77
2022-04-23,P0010,20,20,67.58
2022-04-24,P0010,18,18,70.49
2022-04-25,P0010,5,5,69.37
2022-04-26,P0010,1,1,70.4
2022-04-27,P0010,19,19,68.99
2022-04-28,P0010,10,10,63.04
2022-04-29,P0010,25,25,69.16
2022-04-30,P0010,22,22,66.47
